Ticker,Company Name,Latest Open,Latest Close,Latest High,Latest Low,Open 1d (%),Open 1w (%),Close 1d (%),Close 1w (%),High 1d (%),High 1w (%),Low 1d (%),Low 1w (%),Debt Class,Spread 1Y,Spread 3Y,Spread 5Y
BKNG,Booking Holdings Inc.,5474.81,5498.0,5537.0,5410.0,0.0,-2.13,0.0,-0.14,0.0,-2.04,0.0,-0.82,,,,
AXON,"Axon Enterprise, Inc.",751.42,751.11,765.01,745.43,0.0,2.79,0.0,3.12,0.0,3.55,0.0,5.17,,,,
SPOT,Spotify Technology S.A.,701.13,690.31,703.5,677.07,0.0,-1.39,0.0,-2.39,0.0,-1.81,0.0,-1.92,,,,
TYL,"Tyler Technologies, Inc.",552.4,553.99,555.52,548.25,0.0,-0.95,0.0,-1.07,0.0,-0.98,0.0,-0.87,,,,
MSFT,Microsoft Corporation,502.26,501.01,503.17,497.88,0.0,-1.34,0.0,1.21,0.0,-1.72,0.0,1.12,SENIOR_NORE_14,8.18,12.06,20.76
HUBS,"HubSpot, Inc.",493.02,496.79,501.51,490.15,0.0,4.78,0.0,1.9,0.0,1.9,0.0,4.17,,,,
CYBR,CyberArk Software Ltd.,470.0,471.19,476.76,469.37,0.0,1.83,0.0,1.82,0.0,2.16,0.0,2.59,,,,
ALNY,"Alnylam Pharmaceuticals, Inc.",474.34,468.58,474.34,465.16,0.0,4.61,0.0,3.67,0.0,4.19,0.0,4.61,,,,
CMI,Cummins Inc.,405.0,411.03,413.66,402.87,0.0,0.36,0.0,2.8,0.0,2.07,0.0,1.44,SENIOR_NORE_14,12.35,26.32,48.9
CMI,Cummins Inc.,405.0,411.03,413.66,402.87,0.0,0.36,0.0,2.8,0.0,2.07,0.0,1.44,SENIOR_NORE,12.35,26.32,48.9
TSLA,"Tesla, Inc.",350.22,368.81,368.99,347.6,0.0,0.64,0.0,5.12,0.0,3.69,0.0,0.85,SENIOR_NORE_14,24.5,45.62,70.22
AVGO,Broadcom Inc.,371.23,359.63,374.23,358.76,0.0,4.34,0.0,7.39,0.0,5.02,0.0,8.25,SENIOR_NORE_14,19.02,49.92,97.76
AVGO,Broadcom Inc.,371.23,359.63,374.23,358.76,0.0,4.34,0.0,7.39,0.0,5.02,0.0,8.25,SENIOR_NORE,19.03,49.96,97.77
AVGO,Broadcom Inc.,371.23,359.63,374.23,358.76,0.0,4.34,0.0,7.39,0.0,5.02,0.0,8.25,SENIOR_NORE_14,10.1,20.55,33.77
RCL,Royal Caribbean Cruises Ltd.,343.56,350.23,355.55,342.58,0.0,-4.88,0.0,-0.58,0.0,-2.0,0.0,-1.94,SENIOR_NORE_14,24.49,50.22,72.76
RCL,Royal Caribbean Cruises Ltd.,343.56,350.23,355.55,342.58,0.0,-4.88,0.0,-0.58,0.0,-2.0,0.0,-1.94,SENIOR_NORE,60.0,103.58,152.63
V,Visa Inc.,338.73,343.49,343.51,337.87,0.0,-3.6,0.0,0.08,0.0,-2.58,0.0,-0.68,,,,
PODD,Insulet Corporation,337.69,337.94,342.39,336.04,0.0,-2.2,0.0,-3.01,0.0,-1.82,0.0,-2.67,,,,
MDB,"MongoDB, Inc.",337.25,332.1,340.8,331.82,0.0,3.75,0.0,2.27,0.0,2.95,0.0,2.8,,,,
MSTR,MicroStrategy Incorporated,326.87,326.02,329.75,322.77,0.0,-2.37,0.0,-2.93,0.0,-2.21,0.0,0.87,,,,
IDCC,"InterDigital, Inc.",302.54,324.87,325.82,302.54,0.0,4.4,0.0,12.88,0.0,10.68,0.0,5.44,,,,
COIN,"Coinbase Global, Inc.",319.0,323.95,326.0,315.53,0.0,1.64,0.0,8.32,0.0,3.25,0.0,7.85,,,,
JPM,JPMorgan Chase & Co.,301.24,305.56,305.73,300.79,0.0,-0.79,0.0,3.8,0.0,0.19,0.0,2.2,SENIOR_NORE_14,20.22,28.94,38.68
JPM,JPMorgan Chase & Co.,301.24,305.56,305.73,300.79,0.0,-0.79,0.0,3.8,0.0,0.19,0.0,2.2,SENIOR_NORE,20.22,28.94,38.68
NVMI,Nova Ltd.,280.05,288.19,289.54,280.05,0.0,10.5,0.0,12.71,0.0,12.88,0.0,12.53,,,,
ZS,"Zscaler, Inc.",282.0,286.66,292.94,281.45,0.0,4.59,0.0,4.54,0.0,6.83,0.0,5.41,,,,
BURL,"Burlington Stores, Inc.",280.96,279.26,281.99,278.59,0.0,-6.76,0.0,-4.1,0.0,-6.76,0.0,-4.11,,,,
CHTR,"Charter Communications, Inc.",262.0,263.92,264.5,258.48,0.0,1.03,0.0,0.93,0.0,-0.78,0.0,-0.22,SENIOR_NORE,50.04,120.51,198.89
CHTR,"Charter Communications, Inc.",262.0,263.92,264.5,258.48,0.0,1.03,0.0,0.93,0.0,-0.78,0.0,-0.22,SENIOR_NORE,37.57,90.49,157.81
CHTR,"Charter Communications, Inc.",262.0,263.92,264.5,258.48,0.0,1.03,0.0,0.93,0.0,-0.78,0.0,-0.22,SENIOR_NORE_14,51.75,117.53,191.14
CHTR,"Charter Communications, Inc.",262.0,263.92,264.5,258.48,0.0,1.03,0.0,0.93,0.0,-0.78,0.0,-0.22,SENIOR_NORE_14,37.57,90.49,157.81
IBM,International Business Machines Corporation,257.56,257.01,258.55,255.65,0.0,3.76,0.0,3.41,0.0,3.82,0.0,4.16,SENIOR_NORE_14,11.05,22.42,36.28
IBM,International Business Machines Corporation,257.56,257.01,258.55,255.65,0.0,3.76,0.0,3.41,0.0,3.82,0.0,4.16,SENIOR_NORE,11.76,23.98,37.92
GWRE,"Guidewire Software, Inc.",254.65,253.19,254.87,250.38,0.0,-3.54,0.0,-2.88,0.0,-6.51,0.0,2.89,,,,
TTWO,"Take-Two Interactive Software, Inc.",246.07,246.54,248.0,244.88,0.0,1.68,0.0,2.86,0.0,2.19,0.0,3.35,SENIOR_NORE_14,17.0,45.17,75.22
AMZN,"Amazon.com, Inc.",231.37,229.95,231.53,229.34,0.0,-1.62,0.0,-1.02,0.0,-1.89,0.0,-1.12,SENIOR_NORE_14,10.95,18.0,25.18
RH,RH,231.12,228.12,232.44,226.5,0.0,-7.07,0.0,-9.12,0.0,-9.56,0.0,-8.07,,,,
NET,"Cloudflare, Inc.",224.9,224.64,230.1,223.09,0.0,6.03,0.0,4.76,0.0,7.17,0.0,7.02,,,,
EXPE,"Expedia Group, Inc.",216.23,221.36,222.1,215.98,0.0,0.14,0.0,2.98,0.0,1.37,0.0,2.1,SENIOR_NORE,11.21,31.44,57.43
EXPE,"Expedia Group, Inc.",216.23,221.36,222.1,215.98,0.0,0.14,0.0,2.98,0.0,1.37,0.0,2.1,SENIOR_NORE_14,10.3,29.96,55.34
ABBV,AbbVie Inc.,220.35,220.22,221.76,216.75,0.0,3.67,0.0,3.6,0.0,3.46,0.0,2.73,SENIOR_NORE_14,10.56,28.2,47.14
BA,Boeing Company (The),228.0,219.99,229.69,219.65,0.0,-1.64,0.0,-4.19,0.0,-1.09,0.0,-2.59,SENIOR_NORE_14,13.43,18.55,25.61
BA,Boeing Company (The),228.0,219.99,229.69,219.65,0.0,-1.64,0.0,-4.19,0.0,-1.09,0.0,-2.59,SENIOR_NORE_14,23.76,41.24,60.73
BA,Boeing Company (The),228.0,219.99,229.69,219.65,0.0,-1.64,0.0,-4.19,0.0,-1.09,0.0,-2.59,SENIOR_NORE,13.43,18.6,25.72
BA,Boeing Company (The),228.0,219.99,229.69,219.65,0.0,-1.64,0.0,-4.19,0.0,-1.09,0.0,-2.59,SENIOR_NORE,37.85,65.43,91.08
GTLS,"Chart Industries, Inc.",199.06,199.89,199.96,199.03,0.0,-0.16,0.0,0.22,0.0,0.24,0.0,0.1,,,,
PANW,"Palo Alto Networks, Inc.",198.0,198.33,200.8,197.72,0.0,2.27,0.0,1.99,0.0,2.27,0.0,3.06,,,,
ASND,Ascendis Pharma A/S,198.24,197.67,202.57,196.5,0.0,0.52,0.0,-4.0,0.0,-2.14,0.0,0.09,,,,
STX,Seagate Technology Holdings plc,193.3,196.81,199.24,192.99,0.0,3.92,0.0,4.6,0.0,5.29,0.0,5.45,SENIOR_NORE_14,31.05,76.64,147.13
STX,Seagate Technology Holdings plc,193.3,196.81,199.24,192.99,0.0,3.92,0.0,4.6,0.0,5.29,0.0,5.45,SENIOR_NORE_14,21.0,67.2,135.5
SE,Sea Limited,195.0,196.5,199.3,194.14,0.0,1.46,0.0,2.55,0.0,3.65,0.0,4.48,,,,
PI,"Impinj, Inc.",189.65,183.43,193.9,182.83,0.0,0.46,0.0,-3.97,0.0,0.59,0.0,-2.46,,,,
HCI,"HCI Group, Inc.",179.47,182.45,182.91,178.95,0.0,2.91,0.0,6.97,0.0,3.89,0.0,5.92,,,,
IRTC,"iRhythm Technologies, Inc.",183.0,181.03,184.41,179.12,0.0,0.35,0.0,-0.01,0.0,0.25,0.0,-0.59,,,,
CABO,"Cable One, Inc.",158.11,177.68,177.73,158.88,0.0,-2.53,0.0,8.43,0.0,5.17,0.0,-2.06,,,,
LYV,"Live Nation Entertainment, Inc.",170.89,174.06,174.41,170.65,0.0,4.85,0.0,6.51,0.0,6.63,0.0,5.3,,,,
NTRA,"Natera, Inc.",170.5,173.81,174.21,169.57,0.0,2.0,0.0,3.45,0.0,3.12,0.0,2.88,,,,
WIX,Wix.com Ltd.,164.21,169.45,172.08,163.64,0.0,10.05,0.0,10.68,0.0,11.29,0.0,10.29,,,,
WELL,Welltower Inc.,168.23,168.47,169.22,167.53,0.0,-0.08,0.0,0.39,0.0,0.37,0.0,1.95,,,,
LITE,Lumentum Holdings Inc.,166.15,164.88,168.01,161.57,0.0,11.14,0.0,10.32,0.0,10.33,0.0,12.05,,,,
LRN,"Stride, Inc.",159.07,161.08,161.64,157.85,0.0,-2.06,0.0,0.22,0.0,-1.26,0.0,0.41,,,,
AEIS,"Advanced Energy Industries, Inc.",158.14,159.52,161.42,157.59,0.0,4.38,0.0,3.76,0.0,4.47,0.0,5.0,,,,
MMM,3M Company,153.79,159.47,159.5,153.4,0.0,-1.29,0.0,2.69,0.0,1.23,0.0,-0.57,SENIOR_NORE_14,13.71,40.99,50.84
CVX,Chevron Corporation,156.5,158.25,158.92,156.01,0.0,0.28,0.0,2.99,0.0,1.4,0.0,1.64,SENIOR_NORE,10.89,23.04,36.54
CVX,Chevron Corporation,156.5,158.25,158.92,156.01,0.0,0.28,0.0,2.99,0.0,1.4,0.0,1.64,SENIOR_NORE_14,11.63,25.24,38.64
NRG,"NRG Energy, Inc.",161.46,157.92,161.79,157.75,0.0,8.4,0.0,6.95,0.0,7.68,0.0,10.42,SENIOR_NORE_14,46.89,93.52,134.31
NRG,"NRG Energy, Inc.",161.46,157.92,161.79,157.75,0.0,8.4,0.0,6.95,0.0,7.68,0.0,10.42,SENIOR_NORE,42.08,86.44,140.88
NRG,"NRG Energy, Inc.",161.46,157.92,161.79,157.75,0.0,8.4,0.0,6.95,0.0,7.68,0.0,10.42,SENIOR_NORE_14,35.14,66.69,98.4
RTX,RTX Corporation,155.03,157.65,158.01,154.36,0.0,-2.25,0.0,0.08,0.0,-0.62,0.0,-0.77,SENIOR_NORE_14,3.76,8.97,14.96
RTX,RTX Corporation,155.03,157.65,158.01,154.36,0.0,-2.25,0.0,0.08,0.0,-0.62,0.0,-0.77,SENIOR_NORE,3.94,9.18,15.08
AMD,"Advanced Micro Devices, Inc.",158.45,155.67,160.21,154.99,0.0,0.85,0.0,3.0,0.0,1.95,0.0,3.2,SENIOR_NORE_14,12.76,24.48,35.93
AMD,"Advanced Micro Devices, Inc.",158.45,155.67,160.21,154.99,0.0,0.85,0.0,3.0,0.0,1.95,0.0,3.2,SENIOR_NORE,15.9,29.6,42.83
BABA,Alibaba Group Holding Limited,148.12,155.44,156.85,147.86,0.0,9.69,0.0,14.65,0.0,15.66,0.0,11.42,,,,
MTN,"Vail Resorts, Inc.",143.97,147.38,148.28,143.59,0.0,-9.61,0.0,-6.66,0.0,-7.76,0.0,-8.42,,,,
INSM,Insmed Incorporated,146.42,145.79,147.09,144.93,0.0,2.68,0.0,0.47,0.0,1.31,0.0,3.28,,,,
SHOP,Shopify Inc.,142.05,145.03,146.99,142.05,0.0,-3.1,0.0,-1.22,0.0,-0.66,0.0,-1.98,,,,
PEP,"PepsiCo, Inc.",142.77,144.23,144.74,142.5,0.0,-2.21,0.0,-1.48,0.0,-2.12,0.0,-1.91,SENIOR_NORE_14,7.44,17.64,34.51
NICE,NICE Ltd.,143.0,142.64,143.85,141.48,0.0,2.86,0.0,1.59,0.0,1.12,0.0,1.77,,,,
AWK,"American Water Works Company, Inc.",138.75,139.63,139.75,137.68,0.0,-2.28,0.0,-2.76,0.0,-2.68,0.0,-2.75,,,,
DDOG,"Datadog, Inc.",139.5,139.15,141.03,138.55,0.0,5.09,0.0,2.26,0.0,3.51,0.0,4.65,,,,
MIDD,Middleby Corporation,138.34,138.78,140.71,138.3,0.0,-3.06,0.0,-3.91,0.0,-3.47,0.0,-2.51,,,,
MTSI,"MACOM Technology Solutions Holdings, Inc.",132.39,131.07,134.13,130.14,0.0,-0.76,0.0,0.93,0.0,-0.07,0.0,0.75,,,,
NSIT,"Insight Enterprises, Inc.",126.38,129.21,129.5,124.85,0.0,-0.06,0.0,1.19,0.0,0.39,0.0,-0.61,,,,
JAZZ,Jazz Pharmaceuticals plc,127.09,128.46,129.5,126.37,0.0,-0.62,0.0,-0.8,0.0,-0.6,0.0,-1.18,,,,
PDD,PDD Holdings Inc.,125.67,125.72,128.0,125.01,0.0,-0.12,0.0,0.83,0.0,1.11,0.0,0.71,,,,
ABNB,"Airbnb, Inc.",123.69,123.05,124.5,122.66,0.0,-1.34,0.0,-0.61,0.0,-2.26,0.0,-0.13,,,,
DUK,Duke Energy Corporation,121.36,122.11,122.23,120.97,0.0,0.04,0.0,1.24,0.0,0.62,0.0,0.77,SENIOR_NORE,2.13,5.04,9.03
DUK,Duke Energy Corporation,121.36,122.11,122.23,120.97,0.0,0.04,0.0,1.24,0.0,0.62,0.0,0.77,SENIOR_NORE_14,2.12,4.98,8.9
DUK,Duke Energy Corporation,121.36,122.11,122.23,120.97,0.0,0.04,0.0,1.24,0.0,0.62,0.0,0.77,SENIOR_NORE_14,7.01,13.9,23.73
DUK,Duke Energy Corporation,121.36,122.11,122.23,120.97,0.0,0.04,0.0,1.24,0.0,0.62,0.0,0.77,SENIOR_NORE,7.25,13.0,21.75
ITRI,"Itron, Inc.",119.05,120.5,121.82,118.79,0.0,-2.19,0.0,0.04,0.0,-0.85,0.0,-0.64,,,,
RGEN,Repligen Corporation,119.73,119.51,122.52,118.91,0.0,-0.28,0.0,-4.05,0.0,-2.23,0.0,-0.93,,,,
DIS,Walt Disney Company (The),115.45,117.08,117.17,114.63,0.0,-2.91,0.0,-0.7,0.0,-2.18,0.0,-2.61,SENIOR_NORE_14,9.11,20.37,35.47
DIS,Walt Disney Company (The),115.45,117.08,117.17,114.63,0.0,-2.91,0.0,-0.7,0.0,-2.18,0.0,-2.61,SENIOR_NORE_14,11.83,20.5,29.7
DIS,Walt Disney Company (The),115.45,117.08,117.17,114.63,0.0,-2.91,0.0,-0.7,0.0,-2.18,0.0,-2.61,SENIOR_NORE,11.83,20.5,29.7
DIS,Walt Disney Company (The),115.45,117.08,117.17,114.63,0.0,-2.91,0.0,-0.7,0.0,-2.18,0.0,-2.61,SENIOR_NORE,8.86,19.35,34.58
TMDX,"TransMedics Group, Inc.",108.22,116.99,119.36,108.0,0.0,3.94,0.0,12.48,0.0,12.87,0.0,6.93,,,,
MKSI,"MKS Instruments, Inc.",110.6,116.0,116.11,110.6,0.0,7.38,0.0,11.02,0.0,10.82,0.0,8.28,,,,
PATK,Patriot Battery Metals Inc.,112.25,113.81,114.06,111.88,0.0,-2.12,0.0,0.22,0.0,-1.86,0.0,-1.27,,,,
XOM,Exxon Mobil Corporation,111.4,112.14,112.76,110.87,0.0,-0.18,0.0,2.66,0.0,0.88,0.0,1.7,SENIOR_NORE_14,9.71,15.37,22.87
XOM,Exxon Mobil Corporation,111.4,112.14,112.76,110.87,0.0,-0.18,0.0,2.66,0.0,0.88,0.0,1.7,SENIOR_NORE,10.23,16.31,24.23
WEC,"WEC Energy Group, Inc.",109.26,109.72,110.13,108.8,0.0,1.68,0.0,1.79,0.0,1.99,0.0,1.64,,,,
GVA,Granite Construction Incorporated,108.88,109.58,110.04,108.1,0.0,0.0,0.0,1.37,0.0,0.83,0.0,2.29,,,,
POST,"Post Holdings, Inc.",104.83,106.11,106.49,104.9,0.0,-2.71,0.0,-2.01,0.0,-2.72,0.0,-2.55,,,,
ITGR,Integer Holdings Corporation,102.38,104.23,104.66,102.14,0.0,-3.83,0.0,-2.53,0.0,-3.48,0.0,-3.94,,,,
LCII,LCI Industries,102.09,104.01,104.1,102.79,0.0,-3.89,0.0,-1.9,0.0,-4.03,0.0,-2.08,,,,
SHAK,Shake Shack Inc.,97.72,103.97,104.03,96.95,0.0,-4.21,0.0,3.78,0.0,0.47,0.0,-2.58,,,,
FWONK,Formula One Group,98.51,102.14,102.45,98.51,0.0,-1.47,0.0,1.38,0.0,1.69,0.0,-0.18,,,,
FRT,Federal Realty Investment Trust,100.55,101.8,102.02,100.35,0.0,-0.9,0.0,-0.85,0.0,-0.89,0.0,-1.06,,,,
MMYT,MakeMyTrip Limited,95.8,100.7,102.25,95.8,0.0,-4.83,0.0,0.25,0.0,-0.08,0.0,-3.43,,,,
WDC,Western Digital Corporation,96.87,96.15,97.78,94.41,0.0,4.74,0.0,4.47,0.0,5.03,0.0,3.26,,,,
UBER,"Uber Technologies, Inc.",94.55,94.68,96.32,94.05,0.0,2.18,0.0,4.06,0.0,4.1,0.0,5.86,SENIOR_NORE_14,13.54,25.43,47.44
SO,Southern Company (The),91.55,92.13,92.14,91.22,0.0,-0.47,0.0,0.38,0.0,-0.26,0.0,-0.36,SENIOR_NORE_14,13.33,26.07,35.71
OKTA,"Okta, Inc.",90.8,91.96,92.13,89.78,0.0,0.56,0.0,0.52,0.0,0.2,0.0,-0.28,,,,
ORA,"Ormat Technologies, Inc.",90.88,91.92,92.5,90.8,0.0,-1.55,0.0,0.9,0.0,-0.12,0.0,0.84,,,,
TGT,Target Corporation,90.87,91.52,92.25,90.79,0.0,-2.06,0.0,-1.77,0.0,-1.81,0.0,-1.79,SENIOR_NORE_14,13.71,28.7,43.26
TGT,Target Corporation,90.87,91.52,92.25,90.79,0.0,-2.06,0.0,-1.77,0.0,-1.81,0.0,-1.79,SENIOR_NORE,12.09,26.23,39.29
EEFT,"Euronet Worldwide, Inc.",90.13,91.34,91.5,89.79,0.0,-1.11,0.0,0.2,0.0,-1.03,0.0,-0.72,,,,
MMSI,"Merit Medical Systems, Inc.",88.84,90.21,90.39,88.84,0.0,-3.46,0.0,-2.97,0.0,-3.08,0.0,-3.45,,,,
W,Wayfair Inc.,89.02,90.17,91.77,88.5,0.0,6.1,0.0,0.62,0.0,1.91,0.0,6.07,,,,
Z,"Zillow Group, Inc.",85.92,89.27,89.82,84.78,0.0,0.61,0.0,1.57,0.0,1.67,0.0,-0.71,,,,
GKOS,Glaukos Corporation,87.54,87.47,89.32,87.14,0.0,-5.87,0.0,-6.89,0.0,-6.29,0.0,-5.29,,,,
FOUR,"Shift4 Payments, Inc.",85.83,86.93,87.32,85.4,0.0,-2.59,0.0,-0.75,0.0,-2.48,0.0,-1.7,,,,
GPN,Global Payments Inc.,85.35,86.68,87.07,85.05,0.0,-2.33,0.0,-1.25,0.0,-2.22,0.0,-1.64,,,,
MRK,"Merck & Co., Inc.",84.34,85.15,85.54,84.0,0.0,0.66,0.0,0.52,0.0,0.32,0.0,0.9,SENIOR_NORE_14,6.72,15.77,29.95
CAMT,Camtek Ltd.,81.74,84.11,84.8,81.48,0.0,3.46,0.0,6.81,0.0,6.4,0.0,4.9,,,,
QTWO,"Q2 Holdings, Inc.",82.48,82.72,83.24,81.86,0.0,5.74,0.0,4.96,0.0,4.56,0.0,5.45,,,,
AFRM,"Affirm Holdings, Inc.",85.11,81.41,85.68,81.18,0.0,-6.51,0.0,-6.8,0.0,-8.07,0.0,-6.09,,,,
NTNX,"Nutanix, Inc.",77.85,81.12,81.38,77.72,0.0,12.13,0.0,16.02,0.0,15.27,0.0,12.62,,,,
MTH,Meritage Homes Corporation,79.04,81.06,81.21,79.05,0.0,-5.3,0.0,-2.14,0.0,-4.17,0.0,-3.59,,,,
VAC,Marriott Vacations Worldwide Corporation,77.07,79.45,79.55,76.62,0.0,-2.81,0.0,0.54,0.0,-2.01,0.0,-1.51,,,,
AKAM,"Akamai Technologies, Inc.",77.01,79.2,79.41,76.86,0.0,-0.44,0.0,0.81,0.0,0.25,0.0,-0.57,,,,
WK,Workiva Inc.,76.62,78.44,78.6,75.82,0.0,-1.08,0.0,-1.86,0.0,-1.95,0.0,-1.83,,,,
HALO,"Halozyme Therapeutics, Inc.",76.0,77.53,77.58,75.68,0.0,3.16,0.0,3.47,0.0,3.5,0.0,4.54,,,,
SATS,EchoStar Corporation,79.06,77.04,79.7,75.0,0.0,17.77,0.0,14.57,0.0,13.55,0.0,13.33,,,,
PSN,Parsons Corporation,74.85,76.1,76.17,74.77,0.0,0.55,0.0,0.59,0.0,0.38,0.0,1.0,,,,
DXCM,"DexCom, Inc.",76.17,76.0,77.93,75.85,0.0,-5.82,0.0,-5.6,0.0,-4.5,0.0,-4.57,,,,
MIRM,"Mirum Pharmaceuticals, Inc.",74.92,75.99,76.19,73.7,0.0,0.75,0.0,-0.09,0.0,-0.34,0.0,2.55,,,,
ATI,ATI Inc.,76.48,75.98,76.68,75.25,0.0,-1.33,0.0,-2.13,0.0,-1.6,0.0,0.29,,,,
TCOM,Trip.com Group Limited,73.5,74.83,74.85,73.27,0.0,0.48,0.0,2.8,0.0,1.49,0.0,0.96,,,,
NKE,"NIKE, Inc.",74.41,74.33,75.53,74.01,0.0,-0.52,0.0,0.57,0.0,0.16,0.0,0.52,SENIOR_NORE_14,12.03,32.52,61.74
XYZ,"Block, Inc. (formerly Square; ticker often stylized, but XYZ may be a placeholder)",73.94,74.23,74.77,73.45,0.0,-3.09,0.0,-0.95,0.0,-2.99,0.0,-0.33,,,,
EVRG,"Evergy, Inc.",71.74,72.3,72.34,71.36,0.0,-0.06,0.0,0.98,0.0,0.56,0.0,0.08,,,,
SHEL,Shell plc,71.91,72.02,72.46,71.8,0.0,-0.36,0.0,0.59,0.0,0.31,0.0,1.01,,,,
TREE,"LendingTree, Inc.",72.55,71.77,73.17,71.64,0.0,0.12,0.0,-0.06,0.0,-0.12,0.0,1.5,,,,
CMS,CMS Energy Corporation,71.3,71.67,71.77,70.93,0.0,-0.59,0.0,0.17,0.0,-0.17,0.0,-0.28,,,,
NEE,"NextEra Energy, Inc.",70.97,71.32,71.44,70.51,0.0,-0.39,0.0,0.59,0.0,-0.4,0.0,0.36,SENIOR_NORE_14,25.21,46.45,84.47
NEE,"NextEra Energy, Inc.",70.97,71.32,71.44,70.51,0.0,-0.39,0.0,0.59,0.0,-0.4,0.0,0.36,SENIOR_NORE_14,22.88,41.38,63.25
VTR,"Ventas, Inc.",69.26,69.45,69.74,69.18,0.0,1.85,0.0,2.27,0.0,2.15,0.0,4.22,,,,
DAY,"Dayforce, Inc.",69.08,69.02,69.13,68.88,0.0,-0.75,0.0,0.03,0.0,-0.79,0.0,0.16,,,,
BE,Bloom Energy Corporation,64.11,67.29,68.74,63.85,0.0,13.59,0.0,17.91,0.0,19.9,0.0,17.44,,,,
CHEF,"Chefs' Warehouse, Inc. (The)",64.5,65.99,66.13,64.5,0.0,-1.16,0.0,3.16,0.0,0.73,0.0,1.74,,,,
CSGS,"CSG Systems International, Inc.",63.46,65.74,65.85,63.46,0.0,-2.61,0.0,1.43,0.0,0.06,0.0,-1.64,,,,
MCHP,Microchip Technology Incorporated,64.74,65.02,65.22,63.79,0.0,0.0,0.0,-1.37,0.0,-2.79,0.0,-0.89,SENIOR_NORE_14,59.74,76.85,95.45
LNT,Alliant Energy Corporation,63.96,64.66,64.78,63.76,0.0,-1.48,0.0,0.06,0.0,-0.32,0.0,-0.7,,,,
IONS,"Ionis Pharmaceuticals, Inc.",63.94,64.04,64.21,62.79,0.0,7.59,0.0,4.59,0.0,3.54,0.0,6.03,,,,
BFH,"Bread Financial Holdings, Inc.",64.28,63.93,64.65,63.47,0.0,-4.05,0.0,-3.47,0.0,-4.94,0.0,-3.36,,,,
MLAB,"Mesa Laboratories, Inc.",59.42,63.09,64.35,58.83,0.0,-8.77,0.0,-2.56,0.0,-5.37,0.0,-7.78,,,,
MP,MP Materials Corp.,62.6,63.03,65.62,62.12,0.0,-3.25,0.0,-0.03,0.0,0.99,0.0,1.17,,,,
UPST,"Upstart Holdings, Inc.",62.9,62.19,63.88,61.69,0.0,-7.16,0.0,-7.04,0.0,-8.27,0.0,-5.11,,,,
JOYY,JOYY Inc.,62.89,61.67,63.32,61.51,0.0,-0.17,0.0,-1.44,0.0,-1.57,0.0,-0.66,,,,
PTCT,"PTC Therapeutics, Inc.",58.9,60.96,61.11,57.47,0.0,0.49,0.0,6.46,0.0,4.05,0.0,0.68,,,,
SMTC,Semtech Corporation,62.03,60.91,62.54,59.77,0.0,1.89,0.0,0.4,0.0,1.61,0.0,-0.02,,,,
GMED,"Globus Medical, Inc.",58.43,59.62,59.65,58.38,0.0,-3.41,0.0,-1.62,0.0,-2.53,0.0,-2.91,,,,
ETSY,"Etsy, Inc.",59.46,59.59,61.5,58.65,0.0,13.57,0.0,10.23,0.0,13.67,0.0,12.03,,,,
CAKE,Cheesecake Factory Incorporated (The),58.74,58.21,58.74,57.64,0.0,-3.83,0.0,-3.99,0.0,-5.04,0.0,-4.46,,,,
PEGA,"Pegasystems, Inc.",56.96,58.08,58.39,56.66,0.0,5.27,0.0,4.63,0.0,5.13,0.0,5.08,,,,
LIVN,LivaNova PLC,56.53,57.34,57.44,56.44,0.0,-2.87,0.0,-1.09,0.0,-1.68,0.0,-2.41,,,,
VRNS,"Varonis Systems, Inc.",56.55,57.19,57.31,56.04,0.0,1.55,0.0,2.07,0.0,1.36,0.0,1.37,,,,
SPHR,Sphere Entertainment Co.,54.53,56.96,58.25,54.74,0.0,12.43,0.0,16.48,0.0,18.88,0.0,16.34,,,,
GH,"Guardant Health, Inc.",57.03,56.79,58.04,56.45,0.0,-7.13,0.0,-5.55,0.0,-6.31,0.0,-3.78,,,,
ALRM,"Alarm.com Holdings, Inc.",55.52,56.56,56.85,55.41,0.0,-3.17,0.0,-0.68,0.0,-2.19,0.0,-2.28,,,,
EXAS,Exact Sciences Corporation,55.34,56.0,56.51,55.02,0.0,7.48,0.0,4.07,0.0,3.96,0.0,7.5,,,,
BMRN,BioMarin Pharmaceutical Inc.,54.46,55.91,55.94,54.2,0.0,-3.85,0.0,-3.22,0.0,-3.59,0.0,-4.21,,,,
BL,"BlackLine, Inc.",53.92,55.09,55.28,53.66,0.0,0.6,0.0,2.76,0.0,1.49,0.0,1.07,,,,
LNTH,"Lantheus Holdings, Inc.",52.92,54.99,55.09,52.14,0.0,-1.4,0.0,0.44,0.0,-0.2,0.0,-2.28,,,,
SPB,"Spectrum Brands, Inc.",53.74,54.9,55.06,53.81,0.0,-4.88,0.0,-3.48,0.0,-5.65,0.0,-4.5,,,,
CNMD,CONMED Corporation,52.71,54.05,54.12,52.78,0.0,-3.85,0.0,-1.67,0.0,-4.45,0.0,-3.42,,,,
HAE,Haemonetics Corporation,53.82,53.48,54.0,53.35,0.0,-0.46,0.0,-1.66,0.0,-1.46,0.0,-0.48,,,,
BSY,"Bentley Systems, Incorporated",52.31,53.46,53.63,52.31,0.0,-2.66,0.0,-0.63,0.0,-1.43,0.0,-2.12,,,,
CYTK,"Cytokinetics, Incorporated",52.18,53.32,53.58,51.51,0.0,2.9,0.0,0.58,0.0,-0.78,0.0,3.31,,,,
FRPT,"FarPointe Data, Inc.",53.41,53.2,54.07,52.96,0.0,-0.37,0.0,-3.75,0.0,-2.26,0.0,-0.65,,,,
BBIO,"BridgeBio Pharma, Inc.",53.08,52.6,53.59,52.35,0.0,2.41,0.0,-1.46,0.0,-0.7,0.0,1.65,,,,
CBRL,"Cracker Barrel Old Country Store, Inc.",49.27,52.13,52.18,48.66,0.0,-5.58,0.0,-1.29,0.0,-2.08,0.0,-6.44,,,,
BILL,"BILL Holdings, Inc.",54.21,51.72,54.97,51.63,0.0,8.18,0.0,0.35,0.0,5.11,0.0,6.73,,,,
EQT,EQT Corporation,50.75,50.96,51.22,50.47,0.0,-1.59,0.0,-1.24,0.0,-1.46,0.0,-0.09,SENIOR_NORE_14,26.59,50.21,78.3
EQT,EQT Corporation,50.75,50.96,51.22,50.47,0.0,-1.59,0.0,-1.24,0.0,-1.46,0.0,-0.09,SENIOR_NORE_14,31.16,57.87,88.78
XMTR,"Xometry, Inc.",49.44,50.63,50.81,48.15,0.0,-0.96,0.0,1.91,0.0,0.78,0.0,-0.27,,,,
ON,ON Semiconductor Corporation,48.29,49.02,49.28,48.08,0.0,-0.1,0.0,-0.18,0.0,-1.61,0.0,0.29,SENIOR_NORE_14,56.52,157.19,211.89
RKLB,Rocket Lab Corporation,46.35,48.43,49.67,46.08,0.0,6.39,0.0,5.65,0.0,7.99,0.0,8.7,,,,
BMY,Bristol-Myers Squibb Company,47.38,47.54,48.19,47.22,0.0,1.41,0.0,0.85,0.0,2.16,0.0,1.55,SENIOR_NORE_14,10.07,20.37,33.26
BMY,Bristol-Myers Squibb Company,47.38,47.54,48.19,47.22,0.0,1.41,0.0,0.85,0.0,2.16,0.0,1.55,SENIOR_NORE,11.55,21.23,36.32
GBX,"Greenbrier Companies, Inc. (The)",46.0,47.19,47.27,45.88,0.0,-1.98,0.0,0.06,0.0,-0.59,0.0,-0.92,,,,
DKNG,DraftKings Inc.,45.65,45.87,46.32,44.66,0.0,-4.18,0.0,-1.48,0.0,-5.04,0.0,-3.04,,,,
PAR,PAR Technology Corporation,45.66,45.73,47.35,45.35,0.0,-7.81,0.0,-5.32,0.0,-4.66,0.0,-5.8,,,,
ECPG,"Encore Capital Group, Inc.",43.22,44.3,44.36,43.22,0.0,2.39,0.0,-0.34,0.0,-0.58,0.0,2.51,,,,
FARO,"FARO Technologies, Inc.",43.99,43.99,43.99,43.99,0.0,0.0,0.0,0.0,0.0,0.0,0.0,0.0,,,,
SMCI,"Super Micro Computer, Inc.",44.29,43.95,44.51,43.46,0.0,8.05,0.0,8.76,0.0,8.09,0.0,9.36,,,,
FE,FirstEnergy Corp.,43.15,43.59,43.65,42.97,0.0,-0.99,0.0,0.25,0.0,-0.16,0.0,-0.6,SENIOR_NORE_14,14.37,32.81,48.26
FE,FirstEnergy Corp.,43.15,43.59,43.65,42.97,0.0,-0.99,0.0,0.25,0.0,-0.16,0.0,-0.6,SENIOR_NORE,14.94,33.16,46.77
REXR,"Rexford Industrial Realty, Inc.",42.83,43.53,43.66,42.84,0.0,0.78,0.0,1.49,0.0,1.46,0.0,1.42,,,,
U,Unity Software Inc.,43.48,43.4,44.99,43.17,0.0,3.02,0.0,-0.96,0.0,1.74,0.0,4.67,,,,
PRGS,Progress Software Corporation,42.43,43.01,43.22,42.2,0.0,-4.57,0.0,-1.26,0.0,-4.15,0.0,-3.01,,,,
NBR,Nabors Industries Ltd.,41.67,42.5,42.83,41.0,0.0,11.06,0.0,10.65,0.0,9.11,0.0,10.13,SENIOR_NORE,263.71,479.39,742.47
NBR,Nabors Industries Ltd.,41.67,42.5,42.83,41.0,0.0,11.06,0.0,10.65,0.0,9.11,0.0,10.13,SENIOR_NORE_14,131.3,375.81,668.06
AORT,"Artivion, Inc.",41.15,42.31,42.32,41.01,0.0,-6.54,0.0,-2.71,0.0,-4.21,0.0,-4.77,,,,
FLR,Fluor Corporation,41.24,41.31,41.71,40.91,0.0,-1.17,0.0,-0.63,0.0,-0.05,0.0,1.34,,,,
SPR,"Spirit AeroSystems Holdings, Inc.",40.76,39.24,40.9,39.24,0.0,-1.36,0.0,-3.92,0.0,-1.02,0.0,-2.46,,,,
COLL,"Collegium Pharmaceutical, Inc.",37.76,39.06,39.12,37.48,0.0,-3.73,0.0,1.93,0.0,-1.1,0.0,-1.83,,,,
GDS,GDS Holdings Limited,34.4,38.5,38.77,34.26,0.0,3.49,0.0,16.07,0.0,15.2,0.0,6.6,,,,
CNP,"CenterPoint Energy, Inc.",37.88,38.24,38.27,37.67,0.0,0.56,0.0,1.22,0.0,1.14,0.0,0.67,,,,
MTCH,"Match Group, Inc.",37.88,38.02,38.19,37.24,0.0,0.97,0.0,-0.39,0.0,0.01,0.0,-0.41,,,,
ZD,"Ziff Davis, Inc.",36.76,37.67,37.85,36.61,0.0,-1.97,0.0,-1.1,0.0,-2.97,0.0,-2.37,,,,
ENPH,"Enphase Energy, Inc.",37.38,37.32,39.09,37.11,0.0,0.2,0.0,-5.88,0.0,-1.91,0.0,-0.51,,,,
HTHT,H World Group Limited,37.25,36.94,37.53,36.78,0.0,1.22,0.0,-1.76,0.0,-0.77,0.0,0.41,,,,
IMCR,Immunocore Holdings plc,36.28,36.57,36.65,35.91,0.0,2.69,0.0,-1.69,0.0,-1.48,0.0,1.64,,,,
DOCN,"DigitalOcean Holdings, Inc.",34.15,36.56,36.57,33.96,0.0,4.63,0.0,11.6,0.0,8.84,0.0,4.98,,,,
TTEK,"Tetra Tech, Inc.",35.59,36.19,36.23,35.35,0.0,-0.92,0.0,0.28,0.0,-0.14,0.0,-0.37,,,,
SLB,Schlumberger Limited,36.03,36.03,36.56,35.77,0.0,1.18,0.0,0.59,0.0,0.72,0.0,0.96,SENIOR_NORE,15.55,30.1,70.32
SLB,Schlumberger Limited,36.03,36.03,36.56,35.77,0.0,1.18,0.0,0.59,0.0,0.72,0.0,0.96,SENIOR_NORE_14,15.55,30.12,70.33
PPL,PPL Corporation,35.72,35.98,36.03,35.51,0.0,-2.46,0.0,0.06,0.0,-1.87,0.0,-0.99,,,,
WGO,"Winnebago Industries, Inc.",34.3,35.23,35.28,34.4,0.0,-6.08,0.0,-4.24,0.0,-6.36,0.0,-5.31,,,,
JD,"JD.com, Inc.",33.33,34.4,34.46,33.27,0.0,6.18,0.0,9.38,0.0,9.57,0.0,7.48,,,,
OMCL,"Omnicell, Inc.",32.07,33.28,33.32,31.84,0.0,-3.2,0.0,3.64,0.0,-0.33,0.0,-0.66,,,,
BOX,"Box, Inc.",32.87,33.0,33.1,32.49,0.0,0.4,0.0,0.7,0.0,0.03,0.0,0.37,,,,
AR,Antero Resources Corporation,32.44,32.84,32.87,32.28,0.0,0.53,0.0,0.67,0.0,0.3,0.0,0.94,SENIOR_NORE_14,22.66,48.64,78.43
CCL,Carnival Corporation & plc,31.51,32.47,32.8,31.49,0.0,-1.53,0.0,2.85,0.0,1.74,0.0,0.41,SENIOR_NORE_14,37.57,70.3,107.9
CCL,Carnival Corporation & plc,31.51,32.47,32.8,31.49,0.0,-1.53,0.0,2.85,0.0,1.74,0.0,0.41,SENIOR_NORE,71.55,113.13,178.84
IMAX,IMAX Corporation,31.13,31.81,31.99,31.22,0.0,6.9,0.0,6.82,0.0,7.28,0.0,7.92,,,,
LUV,Southwest Airlines Co.,31.35,31.72,31.84,30.6,0.0,0.38,0.0,1.05,0.0,-0.06,0.0,-1.26,SENIOR_NORE_14,28.72,63.3,97.02
LUV,Southwest Airlines Co.,31.35,31.72,31.84,30.6,0.0,0.38,0.0,1.05,0.0,-0.06,0.0,-1.26,SENIOR_NORE,28.72,63.3,97.02
ENOV,Enovis Corporation,30.44,31.58,31.59,30.44,0.0,-3.67,0.0,-1.71,0.0,-3.57,0.0,-3.46,,,,
RNG,"RingCentral, Inc.",30.38,31.26,31.26,30.38,0.0,-1.3,0.0,-2.13,0.0,-2.16,0.0,-0.98,,,,
IIIV,"i3 Verticals, Inc.",30.34,31.15,31.2,30.2,0.0,0.36,0.0,1.86,0.0,1.36,0.0,0.63,,,,
DBX,"Dropbox, Inc.",30.81,30.91,31.0,30.51,0.0,4.67,0.0,3.48,0.0,3.67,0.0,4.02,,,,
CDP,"CPI Aerostructures, Inc.",30.58,30.57,30.9,30.49,0.0,0.2,0.0,-0.29,0.0,0.41,0.0,0.4,,,,
CNX,CNX Resources Corporation,29.08,29.92,29.92,28.84,0.0,-0.31,0.0,1.25,0.0,1.12,0.0,-0.38,,,,
SEDG,"SolarEdge Technologies, Inc.",29.42,29.49,31.05,29.29,0.0,-16.63,0.0,-14.32,0.0,-13.2,0.0,-10.55,,,,
AMPH,"Amphastar Pharmaceuticals, Inc.",28.36,28.68,28.89,28.36,0.0,-2.48,0.0,-2.52,0.0,-2.99,0.0,-2.14,,,,
MGPI,"MGP Ingredients, Inc.",27.52,28.34,28.44,27.52,0.0,-3.88,0.0,-2.91,0.0,-4.39,0.0,-3.88,,,,
HASI,"Hannon Armstrong Sustainable Infrastructure Capital, Inc.",27.76,28.33,28.53,27.71,0.0,-2.43,0.0,0.5,0.0,-1.01,0.0,-1.14,,,,
CNK,"Cinemark Holdings, Inc.",27.17,28.17,28.28,27.17,0.0,7.48,0.0,8.85,0.0,9.23,0.0,7.48,,,,
BTSG,"BrightSpring Health Services, Inc.",27.55,27.99,28.43,27.51,0.0,15.76,0.0,16.0,0.0,17.46,0.0,16.12,,,,
PCRX,"Pacira BioSciences, Inc.",26.59,27.03,27.09,26.19,0.0,-0.49,0.0,2.19,0.0,0.56,0.0,-0.15,,,,
NCLH,Norwegian Cruise Line Holdings Ltd.,25.86,26.94,27.01,25.83,0.0,0.58,0.0,4.99,0.0,2.78,0.0,1.45,SENIOR_NORE_14,47.38,89.21,139.49
KHC,Kraft Heinz Company (The),26.7,26.52,26.94,26.5,0.0,-0.91,0.0,-2.82,0.0,-2.07,0.0,-1.56,SENIOR_NORE,13.11,29.84,46.38
KHC,Kraft Heinz Company (The),26.7,26.52,26.94,26.5,0.0,-0.91,0.0,-2.82,0.0,-2.07,0.0,-1.56,SENIOR_NORE_14,16.01,36.99,57.77
VRM,"Vroom, Inc.",26.08,26.43,26.43,25.95,0.0,-3.25,0.0,-1.93,0.0,-1.93,0.0,-3.71,,,,
FIVN,"Five9, Inc.",25.48,26.1,26.18,25.28,0.0,-3.78,0.0,-2.25,0.0,-4.5,0.0,-3.55,,,,
SOFI,"SoFi Technologies, Inc.",25.77,25.96,26.6,25.62,0.0,0.0,0.0,1.41,0.0,2.43,0.0,5.96,,,,
WKC,Wolters Kluwer N.V.,25.31,25.9,25.9,25.33,0.0,-4.92,0.0,-2.7,0.0,-3.32,0.0,-3.61,,,,
NOG,"Northern Oil and Gas, Inc.",25.3,25.76,25.81,25.22,0.0,-0.82,0.0,3.7,0.0,-1.32,0.0,2.6,,,,
VECO,Veeco Instruments Inc.,25.27,25.63,25.96,25.27,0.0,3.74,0.0,4.57,0.0,5.7,0.0,5.29,,,,
APLS,"Apellis Pharmaceuticals, Inc.",26.06,25.4,26.27,24.82,0.0,-9.64,0.0,-9.7,0.0,-9.32,0.0,-10.86,,,,
TVTX,"Travere Therapeutics, Inc.",27.69,25.0,27.88,24.82,0.0,29.63,0.0,15.53,0.0,25.36,0.0,17.15,,,,
CENX,Century Aluminum Company,22.51,24.52,24.55,22.42,0.0,0.9,0.0,11.0,0.0,8.77,0.0,2.68,,,,
BILI,Bilibili Inc.,24.88,24.45,24.88,23.7,0.0,8.69,0.0,9.1,0.0,8.46,0.0,7.36,,,,
LI,Li-Cycle Holdings Corp.,24.0,24.35,24.46,23.82,0.0,0.33,0.0,2.96,0.0,2.19,0.0,2.19,,,,
VERX,"Vertex, Inc.",23.89,24.33,24.61,23.7,0.0,-2.17,0.0,1.21,0.0,-0.69,0.0,-0.25,,,,
MGNI,"Magnite, Inc.",24.01,24.14,24.28,23.34,0.0,-4.0,0.0,-2.86,0.0,-3.5,0.0,-2.93,,,,
HRTG,"Heritage Insurance Holdings, Inc.",22.1,23.88,23.93,22.04,0.0,-9.39,0.0,-0.87,0.0,-3.9,0.0,-7.2,,,,
SIRI,Sirius XM Holdings Inc.,23.8,23.81,23.94,23.55,0.0,0.55,0.0,-1.04,0.0,-2.17,0.0,0.34,,,,
FVRR,Fiverr International Ltd.,23.5,23.77,23.9,23.27,0.0,-0.25,0.0,0.3,0.0,-1.16,0.0,-0.89,,,,
GRPN,"Groupon, Inc.",22.72,23.51,23.54,22.46,0.0,-2.7,0.0,-2.08,0.0,-2.12,0.0,-0.84,,,,
EYE,"National Vision Holdings, Inc.",22.87,23.26,23.32,22.72,0.0,-1.68,0.0,-0.94,0.0,-0.95,0.0,-1.69,,,,
GEO,"GEO Group, Inc. (The)",21.35,23.0,23.16,21.06,0.0,1.43,0.0,11.49,0.0,9.3,0.0,2.63,,,,
SSRM,SSR Mining Inc.,21.9,22.76,22.77,21.88,0.0,5.25,0.0,7.87,0.0,7.46,0.0,6.68,,,,
KRG,"Knightscope, Inc.",22.57,22.73,22.78,22.55,0.0,-2.51,0.0,-2.28,0.0,-2.54,0.0,-2.23,,,,
NVST,Envista Holdings Corporation,20.82,21.61,21.63,20.69,0.0,-0.14,0.0,1.41,0.0,0.84,0.0,-0.23,,,,
STWD,"Starwood Property Trust, Inc.",20.79,20.58,20.84,20.56,0.0,1.12,0.0,-0.1,0.0,0.58,0.0,0.39,,,,
VRNT,Verint Systems Inc.,20.35,20.35,20.37,20.34,0.0,-0.15,0.0,-0.05,0.0,-0.2,0.0,0.0,,,,
RPD,"Rapid7, Inc.",19.61,20.08,20.08,19.48,0.0,-1.56,0.0,-1.18,0.0,-2.62,0.0,-2.21,,,,
PENN,"Penn Entertainment, Inc.",20.01,20.03,20.25,19.79,0.0,1.57,0.0,-2.15,0.0,-1.75,0.0,0.66,,,,
LCID,"Lucid Group, Inc.",19.5,19.9,20.29,19.37,0.0,19.34,0.0,8.09,0.0,8.3,0.0,18.83,,,,
TEVA,Teva Pharmaceutical Industries Limited,19.61,19.89,19.93,19.48,0.0,6.17,0.0,4.96,0.0,5.2,0.0,5.53,SENIOR_NORE_14,26.32,66.69,90.07
BXMT,"Blackstone Mortgage Trust, Inc.",19.9,19.73,20.1,19.71,0.0,0.05,0.0,-1.74,0.0,-0.35,0.0,-0.86,,,,
CFLT,"Confluent, Inc.",20.14,19.45,20.16,19.4,0.0,7.36,0.0,0.57,0.0,3.43,0.0,3.8,,,,
INVA,"Innovava, Inc.",19.86,19.43,19.98,19.11,0.0,-5.16,0.0,-5.13,0.0,-4.74,0.0,-5.77,,,,
ZTO,ZTO Express (Cayman) Inc.,19.0,19.34,19.34,19.0,0.0,2.32,0.0,5.45,0.0,3.81,0.0,4.63,,,,
CMPO,"CompoSecure, Inc.",19.38,19.22,19.57,19.17,0.0,3.69,0.0,3.89,0.0,3.16,0.0,5.27,,,,
BTU,Peabody Energy Corporation,18.32,18.53,18.66,18.28,0.0,5.9,0.0,-3.14,0.0,-2.48,0.0,5.79,,,,
LYFT,"Lyft, Inc.",19.08,18.32,19.16,18.31,0.0,12.51,0.0,9.96,0.0,9.8,0.0,11.04,,,,
PRCH,"Porch Group, Inc.",18.23,18.15,18.4,17.72,0.0,-0.05,0.0,-0.27,0.0,-1.6,0.0,0.11,,,,
SRPT,"Sarepta Therapeutics, Inc.",17.21,17.91,17.94,16.85,0.0,-6.52,0.0,-4.28,0.0,-6.88,0.0,-7.87,,,,
TRIP,"TripAdvisor, Inc.",17.83,17.9,18.2,17.63,0.0,-0.61,0.0,1.47,0.0,-0.36,0.0,2.58,,,,
EZPW,"EZCORP, Inc.",16.79,16.99,17.03,16.51,0.0,-0.71,0.0,1.55,0.0,0.62,0.0,-0.9,,,,
GES,"Guess?, Inc.",16.75,16.75,16.76,16.65,0.0,-0.77,0.0,-0.65,0.0,-0.89,0.0,-1.25,,,,
PD,"PagerDuty, Inc.",15.99,16.58,16.63,15.99,0.0,-3.38,0.0,0.67,0.0,-1.19,0.0,-1.14,,,,
CTO,"CTO Realty Growth, Inc.",16.43,16.58,16.68,16.42,0.0,-5.52,0.0,-4.82,0.0,-5.07,0.0,-4.87,,,,
BAND,Bandwidth Inc.,15.23,16.4,16.49,15.1,0.0,-4.03,0.0,4.59,0.0,1.7,0.0,-1.84,,,,
UPWK,Upwork Inc.,15.97,16.37,16.42,15.96,0.0,-4.83,0.0,1.11,0.0,-2.73,0.0,0.44,,,,
MCS,Marcus Corporation (The),15.48,16.07,16.09,15.39,0.0,0.98,0.0,4.15,0.0,4.04,0.0,1.12,,,,
RUN,Sunrun Inc.,16.17,16.01,17.26,15.84,0.0,-4.4,0.0,-11.94,0.0,-5.79,0.0,-6.03,,,,
AVDL,Avadel Pharmaceuticals plc,15.88,15.86,16.0,15.34,0.0,3.12,0.0,0.63,0.0,1.39,0.0,1.42,,,,
PCG,PG&E Corporation,15.3,15.73,15.78,15.06,0.0,0.07,0.0,4.24,0.0,3.07,0.0,0.27,SENIOR_NORE_14,82.0,156.04,188.41
MARA,"Marathon Digital Holdings, Inc.",15.86,15.71,16.39,15.67,0.0,2.32,0.0,3.42,0.0,4.26,0.0,7.23,,,,
ATEC,"Alphatec Holdings, Inc.",15.39,15.63,15.69,15.27,0.0,-7.07,0.0,-4.7,0.0,-5.77,0.0,-6.43,,,,
VSH,"Vishay Intertechnology, Inc.",15.4,15.5,15.52,15.26,0.0,-0.65,0.0,-0.39,0.0,-1.62,0.0,-0.72,,,,
PRO,"PROS Holdings, Inc.",15.22,15.48,15.51,15.13,0.0,-0.91,0.0,-0.13,0.0,-1.59,0.0,-1.37,,,,
IART,Integra LifeSciences Holdings Corporation,15.45,15.47,15.73,15.25,0.0,-1.59,0.0,-3.25,0.0,-3.41,0.0,-2.87,,,,
WT,"WisdomTree, Inc.",13.82,14.11,14.14,13.75,0.0,-0.5,0.0,5.06,0.0,0.46,0.0,4.64,,,,
RIVN,"Rivian Automotive, Inc.",13.97,13.97,14.63,13.95,0.0,1.67,0.0,-1.69,0.0,0.41,0.0,2.12,,,,
PR,Permian Resources Corporation,13.96,13.95,14.13,13.82,0.0,-0.85,0.0,0.5,0.0,-0.46,0.0,0.95,,,,
INSG,Inseego Corp.,13.37,13.8,13.93,13.15,0.0,2.61,0.0,4.23,0.0,3.56,0.0,2.74,,,,
PCT,"PureCycle Technologies, Inc.",13.27,13.31,13.65,13.16,0.0,-0.38,0.0,-0.6,0.0,1.64,0.0,2.57,,,,
AAL,"American Airlines Group, Inc.",12.94,12.95,13.09,12.61,0.0,0.15,0.0,-0.99,0.0,-1.43,0.0,-1.56,SENIOR_NORE_14,170.33,420.94,545.95
TNDM,"Tandem Diabetes Care, Inc.",12.42,12.79,13.18,12.4,0.0,-0.24,0.0,1.67,0.0,2.69,0.0,0.49,,,,
NVCR,NovoCure Limited,12.25,12.73,12.83,12.23,0.0,1.49,0.0,3.66,0.0,2.89,0.0,2.0,,,,
PMT,PennyMac Mortgage Investment Trust,12.39,12.36,12.47,12.32,0.0,-2.21,0.0,-1.9,0.0,-2.35,0.0,-1.48,,,,
DBRG,"DigitalBridge Group, Inc.",11.18,12.31,12.31,11.2,0.0,-0.8,0.0,9.71,0.0,7.79,0.0,0.9,,,,
VIAV,Viavi Solutions Inc.,11.95,12.26,12.28,11.89,0.0,1.88,0.0,5.15,0.0,3.72,0.0,2.59,,,,
WB,Weibo Corporation,12.18,11.91,12.3,11.91,0.0,4.46,0.0,1.71,0.0,5.04,0.0,3.21,,,,
ABR,"Arbor Realty Trust, Inc.",11.77,11.89,12.03,11.71,0.0,-1.59,0.0,-2.3,0.0,-2.04,0.0,-1.99,,,,
PEB,Peabody Energy Corporation,11.54,11.81,11.82,11.52,0.0,-2.7,0.0,0.17,0.0,-2.72,0.0,-1.62,,,,
F,Ford Motor Company,11.46,11.76,11.79,11.44,0.0,-2.13,0.0,0.17,0.0,-1.01,0.0,-1.89,SENIOR_NORE,69.86,118.16,159.11
F,Ford Motor Company,11.46,11.76,11.79,11.44,0.0,-2.13,0.0,0.17,0.0,-1.01,0.0,-1.89,SENIOR_NORE_14,69.86,118.16,159.11
F,Ford Motor Company,11.46,11.76,11.79,11.44,0.0,-2.13,0.0,0.17,0.0,-1.01,0.0,-1.89,SENIOR_NORE_14,67.67,114.29,153.99
VREX,Varex Imaging Corporation,10.96,11.5,11.52,10.85,0.0,-6.08,0.0,-1.29,0.0,-3.6,0.0,-5.86,,,,
HOPE,"Hope Bancorp, Inc.",10.99,11.15,11.16,10.96,0.0,-2.74,0.0,0.27,0.0,-2.11,0.0,-0.81,,,,
EQX,Equinox Gold Corp.,10.62,10.97,11.02,10.53,0.0,15.18,0.0,12.17,0.0,11.65,0.0,16.28,,,,
CSIQ,Canadian Solar Inc.,10.82,10.78,11.24,10.56,0.0,5.56,0.0,-3.49,0.0,-0.16,0.0,4.76,,,,
JAMF,Jamf Holding Corp.,9.84,10.55,10.59,9.82,0.0,8.61,0.0,14.92,0.0,13.73,0.0,8.92,,,,
OPEN,Opendoor Technologies Inc.,7.61,10.52,10.7,7.42,0.0,18.72,0.0,58.2,0.0,56.2,0.0,25.76,,,,
NMFC,New Mountain Finance Corporation,10.5,10.51,10.54,10.43,0.0,-1.41,0.0,-1.04,0.0,-1.5,0.0,-1.23,,,,
MITK,"MITEK Systems, Inc.",9.95,10.46,10.46,9.95,0.0,2.58,0.0,6.63,0.0,5.98,0.0,3.11,,,,
AG,First Majestic Silver Corp.,9.3,10.39,10.4,9.3,0.0,-0.53,0.0,13.55,0.0,9.24,0.0,2.88,,,,
HLIT,Harmonic Inc.,9.89,10.12,10.19,9.84,0.0,-0.3,0.0,0.8,0.0,1.19,0.0,0.0,,,,
XIFR,"Unknown (possibly XPLR Infrastructure, LP or similar; limited data as of 2025)",9.77,10.1,10.12,9.78,0.0,-6.95,0.0,-2.79,0.0,-4.26,0.0,-4.02,,,,
TWO,Two Harbors Investment Corp.,10.18,10.05,10.23,10.05,0.0,-3.05,0.0,-2.99,0.0,-3.31,0.0,-2.05,,,,
CRNC,Cerence Inc.,9.45,9.83,9.89,9.45,0.0,-6.62,0.0,6.85,0.0,-2.85,0.0,4.65,,,,
GPRE,"Green Plains, Inc.",9.68,9.77,10.08,9.61,0.0,-13.42,0.0,-8.18,0.0,-9.97,0.0,-9.51,,,,
DVAX,Dynavax Technologies Corporation,9.7,9.74,9.77,9.58,0.0,-2.81,0.0,-3.18,0.0,-3.17,0.0,-3.23,,,,
MODG,Topgolf Callaway Brands Corp.,9.34,9.67,9.7,9.3,0.0,1.85,0.0,4.77,0.0,1.57,0.0,2.2,,,,
CYRX,"Cryoport, Inc.",9.49,9.47,9.88,9.45,0.0,6.39,0.0,-8.5,0.0,-4.96,0.0,6.78,,,,
REAL,"The RealReal, Inc.",8.98,9.4,9.5,8.96,0.0,2.1,0.0,8.42,0.0,7.27,0.0,6.41,,,,
HLF,Herbalife Ltd.,9.24,9.35,9.43,9.2,0.0,-8.88,0.0,-5.17,0.0,-8.0,0.0,-4.56,,,,
EVH,Evotec SE,9.2,9.31,9.38,9.12,0.0,-2.75,0.0,-3.12,0.0,-4.82,0.0,-3.29,,,,
VNET,"VNET Group, Inc.",8.39,9.11,9.44,8.25,0.0,3.97,0.0,15.32,0.0,10.93,0.0,6.18,,,,
NEO,NeoGames S.A.,7.42,8.34,8.42,7.42,0.0,-8.34,0.0,4.51,0.0,1.57,0.0,-6.73,,,,
NVAX,"Novavax, Inc.",8.03,8.28,8.31,8.01,0.0,1.78,0.0,4.81,0.0,4.4,0.0,4.57,,,,
ENVX,Enovix Corporation,7.88,8.0,8.21,7.7,0.0,-14.35,0.0,-12.95,0.0,-11.34,0.0,-13.09,,,,
FSLY,"Fastly, Inc.",7.45,7.89,7.9,7.43,0.0,0.68,0.0,6.19,0.0,3.74,0.0,1.74,,,,
ARRY,"Array Technologies, Inc.",8.09,7.85,8.19,7.81,0.0,-12.78,0.0,-12.49,0.0,-12.55,0.0,-10.28,,,,
MITT,"AG Mortgage Investment Trust, Inc.",7.72,7.78,7.82,7.7,0.0,-1.53,0.0,0.0,0.0,-0.76,0.0,-0.51,,,,
TDOC,"Teladoc Health, Inc.",7.5,7.77,7.84,7.47,0.0,-1.83,0.0,-0.64,0.0,-1.57,0.0,-2.23,,,,
XERS,"Xeris Biopharma Holdings, Inc.",7.8,7.68,7.89,7.64,0.0,-1.52,0.0,-2.17,0.0,-0.94,0.0,-1.42,,,,
PTON,"Peloton Interactive, Inc.",7.88,7.65,8.05,7.54,0.0,-4.08,0.0,-4.61,0.0,-3.01,0.0,-4.08,,,,
MOMO,Hello Group Inc.,7.58,7.53,7.65,7.5,0.0,-9.98,0.0,-11.62,0.0,-10.21,0.0,-10.34,,,,
BKD,Brookdale Senior Living Inc.,7.57,7.45,7.62,7.35,0.0,-1.05,0.0,-3.12,0.0,-1.55,0.0,-2.52,,,,
SNAP,Snap Inc.,7.08,7.29,7.4,7.07,0.0,-1.67,0.0,-0.27,0.0,0.95,0.0,-0.14,,,,
UNIT,Uniti Group Inc.,6.87,7.11,7.2,6.77,0.0,7.34,0.0,10.4,0.0,11.21,0.0,8.15,,,,
BLMN,"Bloomin' Brands, Inc.",6.88,6.92,6.98,6.85,0.0,-5.36,0.0,-2.67,0.0,-6.56,0.0,-2.97,,,,
HOUS,Anywhere Real Estate Inc.,6.26,6.81,6.91,6.2,0.0,-1.42,0.0,5.42,0.0,4.86,0.0,-1.59,,,,
KPTI,Karyopharm Therapeutics Inc.,6.27,6.64,6.64,6.19,0.0,-6.56,0.0,0.61,0.0,-5.14,0.0,-6.07,,,,
HLX,"Helix Energy Solutions Group, Inc.",6.22,6.34,6.36,6.19,0.0,-3.72,0.0,-0.16,0.0,-3.2,0.0,-1.09,,,,
RWT,"Redwood Trust, Inc.",6.21,6.21,6.28,6.16,0.0,-2.05,0.0,-2.51,0.0,-2.97,0.0,-2.45,,,,
NIO,NIO Inc.,5.83,6.07,6.13,5.77,0.0,-5.66,0.0,2.02,0.0,-1.61,0.0,-2.53,,,,
TTGT,"TechTarget, Inc.",5.67,6.0,6.02,5.56,0.0,0.0,0.0,6.38,0.0,1.35,0.0,-0.54,,,,
RPAY,Repay Holdings Corporation,5.7,5.92,5.93,5.7,0.0,-0.18,0.0,0.68,0.0,0.51,0.0,0.71,,,,
INN,"Summit Hotel Properties, Inc.",5.66,5.75,5.76,5.62,0.0,-0.18,0.0,1.95,0.0,-0.86,0.0,0.0,,,,
MNKD,MannKind Corporation,5.6,5.42,5.68,5.36,0.0,2.19,0.0,-2.17,0.0,-2.66,0.0,-0.74,,,,
JBLU,JetBlue Airways Corporation,5.15,5.2,5.3,5.09,0.0,0.39,0.0,2.36,0.0,-3.72,0.0,2.62,SENIOR_NORE_14,181.41,423.3,579.48
VATE,INNOVATE Corp.,4.8,5.01,5.1,4.86,0.0,-13.04,0.0,-11.17,0.0,-10.37,0.0,-4.71,,,,
BBAI,"BigBear.ai Holdings, Inc.",4.73,4.87,5.09,4.7,0.0,-5.4,0.0,-2.21,0.0,0.59,0.0,-0.74,,,,
CMRC,Costar Technologies Inc.,4.51,4.66,4.67,4.41,0.0,-0.66,0.0,4.25,0.0,1.52,0.0,0.0,,,,
MDRX,Veradigm Inc.,4.6,4.6,4.6,4.6,0.0,-8.0,0.0,-5.35,0.0,-8.0,0.0,-5.15,,,,
GCI,"Gannett Co., Inc.",4.15,4.31,4.32,4.13,0.0,0.73,0.0,0.47,0.0,0.47,0.0,0.73,,,,
QD,Qudian Inc.,4.16,4.3,4.32,4.14,0.0,-8.77,0.0,-3.15,0.0,-5.26,0.0,-5.37,,,,
OMER,Omeros Corporation,4.29,4.2,4.33,4.2,0.0,1.42,0.0,0.72,0.0,1.17,0.0,1.94,,,,
FUBO,fuboTV Inc.,3.95,4.16,4.17,3.9,0.0,4.5,0.0,3.74,0.0,2.96,0.0,4.56,,,,
MAXN,"Maxeon Solar Technologies, Ltd.",3.95,3.96,4.0,3.76,0.0,5.9,0.0,0.0,0.0,-1.48,0.0,0.8,,,,
INDI,"indie Semiconductor, Inc.",4.0,3.9,4.1,3.89,0.0,-8.68,0.0,-9.3,0.0,-7.13,0.0,-8.25,,,,
BB,BlackBerry Limited,3.76,3.87,3.87,3.78,0.0,-1.57,0.0,-0.26,0.0,-0.26,0.0,0.53,,,,
XRX,Xerox Holdings Corporation,3.62,3.7,3.77,3.61,0.0,-7.65,0.0,-5.61,0.0,-7.82,0.0,-6.48,,,,
VERI,"Veritone, Inc.",3.15,3.53,3.55,3.03,0.0,12.9,0.0,32.71,0.0,25.89,0.0,16.99,,,,
GOSS,"Gossamer Bio, Inc.",3.17,3.46,3.5,3.14,0.0,26.29,0.0,17.69,0.0,17.45,0.0,25.1,,,,
RIG,Transocean Ltd.,3.2,3.26,3.27,3.2,0.0,4.23,0.0,6.19,0.0,4.14,0.0,5.61,SENIOR_NORE_14,175.07,513.94,762.71
SPCE,"Virgin Galactic Holdings, Inc.",3.14,3.26,3.42,3.13,0.0,0.64,0.0,1.24,0.0,5.15,0.0,2.29,,,,
RIG,Transocean Ltd.,3.2,3.26,3.27,3.2,0.0,4.23,0.0,6.19,0.0,4.14,0.0,5.61,SENIOR_NORE,155.96,334.2,520.19
RIG,Transocean Ltd.,3.2,3.26,3.27,3.2,0.0,4.23,0.0,6.19,0.0,4.14,0.0,5.61,SENIOR_NORE_14,131.3,385.46,572.03
HCAT,"Health Catalyst, Inc.",3.24,3.24,3.31,3.21,0.0,-2.11,0.0,-4.14,0.0,-3.36,0.0,-2.73,,,,
BHR,Braemar Hotels & Resorts,2.89,3.0,3.02,2.88,0.0,-2.03,0.0,0.67,0.0,-0.66,0.0,-1.71,,,,
LAC,Lithium Americas Corp.,2.81,2.84,2.87,2.76,0.0,-1.4,0.0,-1.73,0.0,-2.38,0.0,-1.78,,,,
PSEC,Prospect Capital Corporation,2.78,2.8,2.82,2.78,0.0,-3.47,0.0,-3.11,0.0,-3.42,0.0,-2.8,,,,
CAMP,CalAmp Corp.,2.62,2.78,2.95,2.5,0.0,77.03,0.0,82.89,0.0,94.08,0.0,71.23,,,,
EB,"Eventbrite, Inc.",2.73,2.75,2.78,2.72,0.0,3.41,0.0,4.56,0.0,3.16,0.0,4.62,,,,
IQ,"iQIYI, Inc.",2.62,2.62,2.65,2.56,0.0,-5.07,0.0,-3.32,0.0,-4.16,0.0,-5.36,,,,
BYND,"Beyond Meat, Inc.",2.51,2.6,2.62,2.49,0.0,6.81,0.0,5.69,0.0,6.07,0.0,6.17,,,,
SKIN,The Beauty Health Company,2.32,2.47,2.51,2.29,0.0,18.37,0.0,20.49,0.0,20.96,0.0,16.84,,,,
DDD,3D Systems Corporation,2.14,2.25,2.36,2.11,0.0,2.39,0.0,6.13,0.0,10.28,0.0,3.43,,,,
EGHT,"8x8, Inc.",2.09,2.22,2.22,2.09,0.0,6.09,0.0,7.25,0.0,6.73,0.0,7.18,,,,
GPRO,"GoPro, Inc.",1.64,2.0,2.02,1.64,0.0,11.9,0.0,34.23,0.0,28.66,0.0,12.33,,,,
SABR,Sabre Corporation,1.74,1.88,1.88,1.74,0.0,1.75,0.0,9.94,0.0,7.43,0.0,2.35,,,,
WOLF,"Wolfspeed, Inc.",1.67,1.88,1.88,1.61,0.0,31.5,0.0,50.4,0.0,46.88,0.0,33.06,,,,
LAZR,"Luminar Technologies, Inc.",1.68,1.77,1.85,1.67,0.0,-1.75,0.0,6.63,0.0,5.11,0.0,2.13,,,,
KOS,Kosmos Energy Ltd.,1.72,1.73,1.74,1.7,0.0,2.38,0.0,5.49,0.0,0.0,0.0,5.28,,,,
CHGG,"Chegg, Inc.",1.63,1.6,1.68,1.42,0.0,-1.81,0.0,-6.43,0.0,-5.62,0.0,-10.13,,,,
ARAY,Accuray Incorporated,1.56,1.59,1.6,1.56,0.0,4.0,0.0,5.3,0.0,4.25,0.0,4.7,,,,
PLUG,Plug Power Inc.,1.43,1.51,1.56,1.43,0.0,-2.05,0.0,3.42,0.0,3.31,0.0,1.42,,,,
NOTV,"Inotiv, Inc.",1.55,1.44,1.55,1.41,0.0,-3.13,0.0,-12.2,0.0,-5.49,0.0,-10.76,,,,
OPK,"OPKO Health, Inc.",1.41,1.43,1.44,1.4,0.0,2.92,0.0,5.93,0.0,4.35,0.0,4.48,,,,
LAB,Standard BioTools Inc.,1.28,1.33,1.35,1.28,0.0,0.0,0.0,2.31,0.0,0.0,0.0,0.79,,,,
CHRS,"Coherus BioSciences, Inc.",1.32,1.33,1.34,1.29,0.0,-1.49,0.0,3.1,0.0,-2.19,0.0,2.3,,,,
IRWD,"Ironwood Pharmaceuticals, Inc.",1.17,1.24,1.27,1.15,0.0,9.35,0.0,6.9,0.0,9.91,0.0,7.48,,,,
CDLX,"Cardlytics, Inc.",0.94,1.15,1.17,0.93,0.0,2.17,0.0,23.39,0.0,23.94,0.0,3.33,,,,
LPSN,"LivePerson, Inc.",0.93,0.95,0.97,0.93,0.0,3.33,0.0,2.15,0.0,3.85,0.0,5.61,,,,
ASRT,"Assertio Holdings, Inc.",0.81,0.81,0.82,0.8,0.0,2.53,0.0,0.65,0.0,1.65,0.0,1.3,,,,
SENS,"Senseonics Holdings, Inc.",0.44,0.46,0.46,0.44,0.0,-1.84,0.0,-0.59,0.0,-0.33,0.0,-1.79,,,,
DNMR,"Danimer Scientific, Inc.",0.35,0.35,0.35,0.35,0.0,0.0,0.0,0.0,0.0,0.0,0.0,0.0,,,,
TPIC,"TPI Composites, Inc.",0.03,0.03,0.04,0.03,0.0,-11.23,0.0,-31.11,0.0,-30.0,0.0,-23.68,,,,
UPHL,Unknown (possibly a placeholder or delisted; no active match as of 2025),0.0,0.0,0.0,0.0,0.0,0.0,0.0,0.0,0.0,0.0,0.0,0.0,,,,
